{
	"schemaVersion": 1,
	"id": "hello-world-mod",
	"version": "${version}",
	"name": "Hello World Mod",
	"description": "This is an example description! Tell everyone what your mod is about!",
	"authors": [
		"Me!"
	],
	"contact": {
		"homepage": "https://fabricmc.net/",
		"sources": "https://github.com/FabricMC/fabric-example-mod"
	},
	"license": "CC0-1.0",
	"icon": "assets/hello-world-mod/icon.png",
	"environment": "*",
	"entrypoints": {
		"main": [
			"com.redfox.helloworldmod.HelloWorldMod"
		],
		"fabric-datagen": [
			"com.redfox.helloworldmod.HelloWorldModDataGenerator"
		]
	},
	"mixins": [
		"hello-world-mod.mixins.json"
	],
	"depends": {
		"fabricloader": ">=0.17.3",
		"minecraft": "~1.21.1",
		"java": ">=21",
		"fabric-api": "*"
	},
	"suggests": {
		"another-mod": "*"
	}
}